line;match
Контакты пр. Маршала Жукова д.21;Match(start=9, stop=32, fact=Addr(parts=[AddrPart(value='Маршала Жукова', type='проезд'), AddrPart(value='21', type='дом')]))
Россия, 443009 г. Самара пр. Кирова,54;Match(start=0, stop=35, fact=Addr(parts=[AddrPart(value='Россия', type='страна'), AddrPart(value='443009', type='индекс'), AddrPart(value='Самара', type='город'), AddrPart(value='Кирова', type='проезд')]))
Екатеринбург, ул. Сибирский тракт, д. 25, литер А, оф. 310;Match(start=0, stop=58, fact=Addr(parts=[AddrPart(value='Екатеринбург', type=None), AddrPart(value='Сибирский тракт', type='улица'), AddrPart(value='25', type='дом'), AddrPart(value='310', type='офис')]))
\- Магазин «Швейные машины», ул. Мира, дом 79. т. 8-(8443)-29-35-08;Match(start=29, stop=45, fact=Addr(parts=[AddrPart(value='Мира', type='улица'), AddrPart(value='79', type='дом')]))
ул. Сергея Акимова, д. 25/а, оф. 1;Match(start=0, stop=34, fact=Addr(parts=[AddrPart(value='Сергея Акимова', type='улица'), AddrPart(value='25/а', type='дом'), AddrPart(value='1', type='офис')]))
г. Оса, ул. Спорта д. 41 (в помещении СФ;Match(start=0, stop=24, fact=Addr(parts=[AddrPart(value='Оса', type='город'), AddrPart(value='Спорта', type='улица'), AddrPart(value='41', type='дом')]))
Московская область, Подольск, улица Силикатная, дом 6/3;Match(start=0, stop=55, fact=Addr(parts=[AddrPart(value='Московская', type='область'), AddrPart(value='Подольск', type=None), AddrPart(value='Силикатная', type='улица'), AddrPart(value='6/3', type='дом')]))
г. Оренбург, ул. Волгоградская 10/1, корпус 2;Match(start=0, stop=45, fact=Addr(parts=[AddrPart(value='Оренбург', type='город'), AddrPart(value='Волгоградская', type='улица'), AddrPart(value='2', type='корпус')]))
141421, Московская область, Солнечногорский район, деревня Елино, Ленинградское шоссе, 34 км., стр. 15;Match(start=0, stop=102, fact=Addr(parts=[AddrPart(value='141421', type='индекс'), AddrPart(value='Московская', type='область'), AddrPart(value='Солнечногорский', type='район'), AddrPart(value='Елино', type='деревня'), AddrPart(value='Ленинградское', type='шоссе'), AddrPart(value='15', type='строение')]))
г. Волгоград, ул. Краснополянская, д. 72 Л;Match(start=0, stop=42, fact=Addr(parts=[AddrPart(value='Волгоград', type='город'), AddrPart(value='Краснополянская', type='улица'), AddrPart(value='72 Л', type='дом')]))
Юридический адрес: 192102, Россия, Санкт-Петербург, Волковский пр.д.146;Match(start=19, stop=71, fact=Addr(parts=[AddrPart(value='192102', type='индекс'), AddrPart(value='Россия', type='страна'), AddrPart(value='Санкт-Петербург', type=None), AddrPart(value='Волковский', type='проезд'), AddrPart(value='146', type='дом')]))
г.Петрозаводск, ул.Корабелов д.34;Match(start=0, stop=33, fact=Addr(parts=[AddrPart(value='Петрозаводск', type='город'), AddrPart(value='Корабелов', type='улица'), AddrPart(value='34', type='дом')]))
Москва, м. Угрешская, 3-й Угрешский проезд, д.8 стр 1;Match(start=0, stop=53, fact=Addr(parts=[AddrPart(value='Москва', type=None), AddrPart(value='3-й Угрешский', type='проезд'), AddrPart(value='8', type='дом'), AddrPart(value='1', type='строение')]))
125475, Москва, Петрозаводская ул., д. 28;Match(start=0, stop=41, fact=Addr(parts=[AddrPart(value='125475', type='индекс'), AddrPart(value='Москва', type=None), AddrPart(value='Петрозаводская', type='улица'), AddrPart(value='28', type='дом')]))
(в договор не включать) | Москва, Тессинский переулок д. 4 к. 1;Match(start=26, stop=60, fact=Addr(parts=[AddrPart(value='Москва', type=None), AddrPart(value='Тессинский', type='переулок'), AddrPart(value='4 к', type='дом')]))
Прием заказов с 9:00 до 18:00 | Телефон: 8(903)108-62-68, 8(965)277-17-44 | E-mail: pk.plus@yandex.ru | Адрес: г. Клин, Ленинградское шоссе, 88 км.;Match(start=111, stop=139, fact=Addr(parts=[AddrPart(value='Клин', type='город'), AddrPart(value='Ленинградское', type='шоссе')]))
Жилой 128-квартирный дом по ул. Краснова, 38;Match(start=28, stop=40, fact=Addr(parts=[AddrPart(value='Краснова', type='улица')]))
Адрес: 346400, Ростовская область, г. Новочеркасск, ул. Думенко, 20;Match(start=7, stop=63, fact=Addr(parts=[AddrPart(value='346400', type='индекс'), AddrPart(value='Ростовская', type='область'), AddrPart(value='Новочеркасск', type='город'), AddrPart(value='Думенко', type='улица')]))
624006, Свердловская область, Пос. Большой Исток, ул. Свердлова, 42/а;Match(start=0, stop=63, fact=Addr(parts=[AddrPart(value='624006', type='индекс'), AddrPart(value='Свердловская', type='область'), AddrPart(value='Большой Исток', type='посёлок'), AddrPart(value='Свердлова', type='улица')]))
Адрес: | пл. Революции, д. 9, 4 этаж | пл. Лядова, Окский съезд, д. 2 | ул. Коминтерна, 105а;Match(start=9, stop=86, fact=Addr(parts=[AddrPart(value='Революции', type='площадь'), AddrPart(value='9', type='дом'), AddrPart(value='2', type='дом'), AddrPart(value='Коминтерна', type='улица')]))
432042, Ульяновск г, Станкостроителей ул, д.24 , («Ульяновск Станкостроителей_7302_С;Match(start=0, stop=60, fact=Addr(parts=[AddrPart(value='432042', type='индекс'), AddrPart(value='Ульяновск', type=None), AddrPart(value='Станкостроителей', type='улица'), AddrPart(value='24', type='дом'), AddrPart(value='Ульяновск', type=None)]))
302040, г. Орел, ул. Ломоносова, 6;Match(start=0, stop=31, fact=Addr(parts=[AddrPart(value='302040', type='индекс'), AddrPart(value='Орел', type='город'), AddrPart(value='Ломоносова', type='улица')]))
Мы расположены по адресу: Московская область, г.Истра, ул.Ленина д.11А, т. (49831)5-09-95, (49831)4-94-24;Match(start=26, stop=70, fact=Addr(parts=[AddrPart(value='Московская', type='область'), AddrPart(value='Истра', type='город'), AddrPart(value='Ленина', type='улица'), AddrPart(value='11А', type='дом')]))
127206 г. Москва.Вучетича ул., д. 12А;Match(start=0, stop=37, fact=Addr(parts=[AddrPart(value='127206', type='индекс'), AddrPart(value='Москва', type='город'), AddrPart(value='Вучетича', type='улица'), AddrPart(value='12А', type='дом')]))
г. Нижний Новгород, ул. Юлиуса Фучика, 100;Match(start=0, stop=37, fact=Addr(parts=[AddrPart(value='Нижний Новгород', type='город'), AddrPart(value='Юлиуса Фучика', type='улица')]))
09.01.2018 09:49 | 100 л топлива | Сафин Рустам Рафисович | г. Уфа, ул.Центральная;Match(start=60, stop=82, fact=Addr(parts=[AddrPart(value='Уфа', type='город'), AddrPart(value='Центральная', type='улица')]))
Юридический адрес: 680000, Хабаровск, ул. Комсомольская, 67, Телефон:(4212) 38-48-28,(4212) 38-48-27,(4212) 38-53-09;Match(start=19, stop=55, fact=Addr(parts=[AddrPart(value='680000', type='индекс'), AddrPart(value='Хабаровск', type=None), AddrPart(value='Комсомольская', type='улица')]))
24.08.2017 17:19 | Кофе | галяутдинов ринат талгатович | АЗС № 18-002, Удмуртская Республика, г. Ижевск, ул. 40 лет Победы, 1;Match(start=71, stop=122, fact=Addr(parts=[AddrPart(value='Удмуртская', type='республика'), AddrPart(value='Ижевск', type='город'), AddrPart(value='40 лет Победы', type='улица')]))
191040, ул. Наличная, д. 36;Match(start=0, stop=27, fact=Addr(parts=[AddrPart(value='191040', type='индекс'), AddrPart(value='Наличная', type='улица'), AddrPart(value='36', type='дом')]))
г.Сарапул, ул.Левиатова, д.16;Match(start=0, stop=29, fact=Addr(parts=[AddrPart(value='Сарапул', type='город'), AddrPart(value='Левиатова', type='улица'), AddrPart(value='16', type='дом')]))
Дмитров  | Московская область, г.Дмитров, ул. Московская, д.3  | Пн-Пт - 9.00-20.00;Match(start=11, stop=61, fact=Addr(parts=[AddrPart(value='Московская', type='область'), AddrPart(value='Дмитров', type='город'), AddrPart(value='Московская', type='улица'), AddrPart(value='3', type='дом')]))
ул. Русаковская, 4, стр. 3;Match(start=0, stop=26, fact=Addr(parts=[AddrPart(value='Русаковская', type='улица'), AddrPart(value='3', type='строение')]))
Академическая ул., д.31;Match(start=0, stop=23, fact=Addr(parts=[AddrPart(value='Академическая', type='улица'), AddrPart(value='31', type='дом')]))
105318, г. Москва, ул. Ибрагимова, д. 15, офис 440;Match(start=0, stop=50, fact=Addr(parts=[AddrPart(value='105318', type='индекс'), AddrPart(value='Москва', type='город'), AddrPart(value='Ибрагимова', type='улица'), AddrPart(value='15', type='дом'), AddrPart(value='440', type='офис')]))
117393, г.Москва, 3-я Мытищинская улица дом 3 ,строение 1;Match(start=0, stop=57, fact=Addr(parts=[AddrPart(value='117393', type='индекс'), AddrPart(value='Москва', type='город'), AddrPart(value='3-я Мытищинская', type='улица'), AddrPart(value='3', type='дом'), AddrPart(value='1', type='строение')]))
117105, г. Москва, Нагорный проезд, д. 5;Match(start=0, stop=40, fact=Addr(parts=[AddrPart(value='117105', type='индекс'), AddrPart(value='Москва', type='город'), AddrPart(value='Нагорный', type='проезд'), AddrPart(value='5', type='дом')]))
г.Казань, ул. Тихорецкая, д.2а,;Match(start=0, stop=30, fact=Addr(parts=[AddrPart(value='Казань', type='город'), AddrPart(value='Тихорецкая', type='улица'), AddrPart(value='2а', type='дом')]))
ул. Академика Королёва, д.13, стр.1;Match(start=0, stop=35, fact=Addr(parts=[AddrPart(value='Академика Королёва', type='улица'), AddrPart(value='13', type='дом'), AddrPart(value='1', type='строение')]))
18.05.2017 07:16 | Кофе | Туленков Александр Николаевич | Республика Башкортостан, г. Кумертау, ул. Энергетиков, 33;Match(start=58, stop=111, fact=Addr(parts=[AddrPart(value='Башкортостан', type='республика'), AddrPart(value='Кумертау', type='город'), AddrPart(value='Энергетиков', type='улица')]))
455007, Челябинская область, г. Магнитогорск, ул. Кирова 104, строение 2;Match(start=0, stop=72, fact=Addr(parts=[AddrPart(value='455007', type='индекс'), AddrPart(value='Челябинская', type='область'), AddrPart(value='Магнитогорск', type='город'), AddrPart(value='Кирова', type='улица'), AddrPart(value='2', type='строение')]))
г. Тула, ул. Болдина, д.98, к.А, оф.104;Match(start=0, stop=39, fact=Addr(parts=[AddrPart(value='Тула', type='город'), AddrPart(value='Болдина', type='улица'), AddrPart(value='98', type='дом'), AddrPart(value='104', type='офис')]))
Адрес:г. Москва, 1-й Тружеников переулок, дом 14, стр. 2;Match(start=6, stop=56, fact=Addr(parts=[AddrPart(value='Москва', type='город'), AddrPart(value='1-й Тружеников', type='переулок'), AddrPart(value='14', type='дом'), AddrPart(value='2', type='строение')]))
г.Самара, ул. Средне-Садовая, 16;Match(start=0, stop=28, fact=Addr(parts=[AddrPart(value='Самара', type='город'), AddrPart(value='Средне-Садовая', type='улица')]))
ООО «Солодовня» - 198035 Санкт-Петербург, ул. Курляндская дом 49, лит. А.;Match(start=18, stop=64, fact=Addr(parts=[AddrPart(value='198035', type='индекс'), AddrPart(value='Санкт-Петербург', type=None), AddrPart(value='Курляндская', type='улица'), AddrPart(value='49', type='дом')]))
г. Оренбург, ул. Чкалова, д. 9;Match(start=0, stop=30, fact=Addr(parts=[AddrPart(value='Оренбург', type='город'), AddrPart(value='Чкалова', type='улица'), AddrPart(value='9', type='дом')]))
ИП Власова, г. Москва, ул. Выхино 17, тел. + 79042235380, E-mail : vlm1502@mail.ru;Match(start=12, stop=21, fact=Addr(parts=[AddrPart(value='Москва', type='город')]))
г.Петропавловск-Камчатский, ул.Дальневосточная 32;Match(start=0, stop=46, fact=Addr(parts=[AddrPart(value='Петропавловск-Камчатский', type='город'), AddrPart(value='Дальневосточная', type='улица')]))
г. Симферополь, ул. Гагарина, 14а, офис 215;Match(start=0, stop=43, fact=Addr(parts=[AddrPart(value='Симферополь', type='город'), AddrPart(value='Гагарина', type='улица'), AddrPart(value='215', type='офис')]))
среда – 18:00 – 19:30, г. Екатеринбург, Ул. Восстания д. 56, корп. 3.;Match(start=23, stop=68, fact=Addr(parts=[AddrPart(value='Екатеринбург', type='город'), AddrPart(value='Восстания', type='улица'), AddrPart(value='56', type='дом'), AddrPart(value='3', type='корпус')]))
г. Москва, Ленинградский проспект, д. 39, стр. 80, башня Б (БЦ;Match(start=0, stop=49, fact=Addr(parts=[AddrPart(value='Москва', type='город'), AddrPart(value='Ленинградский', type='проспект'), AddrPart(value='39', type='дом'), AddrPart(value='80', type='строение')]))
Адрес: 658207, Алтайский край г.Рубцовск, ул.Комсомольская , д.127, оф.21;Match(start=7, stop=73, fact=Addr(parts=[AddrPart(value='658207', type='индекс'), AddrPart(value='Алтайский', type='край'), AddrPart(value='Рубцовск', type='город'), AddrPart(value='Комсомольская', type='улица'), AddrPart(value='127', type='дом'), AddrPart(value='21', type='офис')]))
Адрес: Московская область, Сергиево-Посадский р-н, пос. Мишутино, д. 3 Б;Match(start=7, stop=72, fact=Addr(parts=[AddrPart(value='Московская', type='область'), AddrPart(value='Посадский', type='район'), AddrPart(value='Мишутино', type='посёлок'), AddrPart(value='3 Б', type='дом')]))
г.Челябинск, ул.Дарвина, 14, оф.224;Match(start=0, stop=35, fact=Addr(parts=[AddrPart(value='Челябинск', type='город'), AddrPart(value='Дарвина', type='улица'), AddrPart(value='224', type='офис')]))
г. Тула, ул. Макаренко 9б;Match(start=0, stop=22, fact=Addr(parts=[AddrPart(value='Тула', type='город'), AddrPart(value='Макаренко', type='улица')]))
191014, Санкт-Петербург, ст.м. «Чернышевская», Саперный переулок, дом 20, Литера А, офис 01;Match(start=0, stop=91, fact=Addr(parts=[AddrPart(value='191014', type='индекс'), AddrPart(value='Санкт-Петербург', type=None), AddrPart(value='Саперный', type='переулок'), AddrPart(value='20', type='дом'), AddrPart(value='01', type='офис')]))
г. Краснодар, угол ул. Российской и ул. Петра Метальникова, 2;Match(start=0, stop=58, fact=Addr(parts=[AddrPart(value='Краснодар', type='город'), AddrPart(value='Российской и', type='улица'), AddrPart(value='Петра Метальникова', type='улица')]))
пр. Победы д.161;Match(start=0, stop=16, fact=Addr(parts=[AddrPart(value='Победы', type='проезд'), AddrPart(value='161', type='дом')]))
ул. Лечебная, д.24 А;Match(start=0, stop=20, fact=Addr(parts=[AddrPart(value='Лечебная', type='улица'), AddrPart(value='24 А', type='дом')]))
422545, респ. Татарстан, г.Зеленодольск, ул. Королева, д.26, офис 23;Match(start=0, stop=68, fact=Addr(parts=[AddrPart(value='422545', type='индекс'), AddrPart(value='Татарстан', type='республика'), AddrPart(value='Зеленодольск', type='город'), AddrPart(value='Королева', type='улица'), AddrPart(value='26', type='дом'), AddrPart(value='23', type='офис')]))
5 | Проректор по научно-образовательной деятельности |  |  | 625000, г. Тюмень,ул. Володарского, 38, каб. 238;Match(start=61, stop=95, fact=Addr(parts=[AddrPart(value='625000', type='индекс'), AddrPart(value='Тюмень', type='город'), AddrPart(value='Володарского', type='улица')]))
(C) Хостелы Рус-Воронеж, 2015-2016\. г. Воронеж, ул. Комиссаржевской, д. 15Б;Match(start=16, stop=76, fact=Addr(parts=[AddrPart(value='Воронеж', type=None), AddrPart(value='Воронеж', type='город'), AddrPart(value='Комиссаржевской', type='улица'), AddrPart(value='15Б', type='дом')]))
Москва, Ленинградский проспект, дом 23, комната 32.;Match(start=0, stop=38, fact=Addr(parts=[AddrPart(value='Москва', type=None), AddrPart(value='Ленинградский', type='проспект'), AddrPart(value='23', type='дом')]))
5 автохода в г. Нюрба (2004 г;Match(start=13, stop=21, fact=Addr(parts=[AddrPart(value='Нюрба', type='город')]))
адрес:   427790, г. Можга, Базарная площадь, 7/2;Match(start=9, stop=43, fact=Addr(parts=[AddrPart(value='427790', type='индекс'), AddrPart(value='Можга', type='город'), AddrPart(value='Базарная', type='площадь')]))
г.Махачкала пр-т И.Шамиля, д.58/а;Match(start=0, stop=33, fact=Addr(parts=[AddrPart(value='Махачкала', type='город'), AddrPart(value='И.Шамиля', type='проспект'), AddrPart(value='58/а', type='дом')]))
394016 г. Воронеж  ул. 45 Стрелковой дивизии, 224, 4 этаж;Match(start=0, stop=44, fact=Addr(parts=[AddrPart(value='394016', type='индекс'), AddrPart(value='Воронеж', type='город'), AddrPart(value='45 Стрелковой дивизии', type='улица')]))
127018, г. Москва, ул. Складочная, д.1, стр.18, офис 442;Match(start=0, stop=56, fact=Addr(parts=[AddrPart(value='127018', type='индекс'), AddrPart(value='Москва', type='город'), AddrPart(value='Складочная', type='улица'), AddrPart(value='1', type='дом'), AddrPart(value='18', type='строение'), AddrPart(value='442', type='офис')]))
614000, г. Пермь, Комсомольский проспект,29;Match(start=0, stop=40, fact=Addr(parts=[AddrPart(value='614000', type='индекс'), AddrPart(value='Пермь', type='город'), AddrPart(value='Комсомольский', type='проспект')]))
410005 г. Саратов, ул. Танкистов, д. 1.;Match(start=0, stop=38, fact=Addr(parts=[AddrPart(value='410005', type='индекс'), AddrPart(value='Саратов', type='город'), AddrPart(value='Танкистов', type='улица'), AddrPart(value='1', type='дом')]))
Адрес фактического местонахождения  органов управления управляющей организации: 171080, Тверская область г.Бологое, ул.Октябрьская, д.1;Match(start=80, stop=135, fact=Addr(parts=[AddrPart(value='171080', type='индекс'), AddrPart(value='Тверская', type='область'), AddrPart(value='Бологое', type='город'), AddrPart(value='Октябрьская', type='улица'), AddrPart(value='1', type='дом')]))
ул. 50-ой Армии, д. 3;Match(start=0, stop=21, fact=Addr(parts=[AddrPart(value='50-ой Армии', type='улица'), AddrPart(value='3', type='дом')]))
Адрес: 193079, г. Санкт-Петербург, Октябрьская наб., д. 74-2-18.;Match(start=7, stop=60, fact=Addr(parts=[AddrPart(value='193079', type='индекс'), AddrPart(value='Санкт-Петербург', type='город'), AddrPart(value='Октябрьская', type='набережная'), AddrPart(value='74-2', type='дом')]))
Юридический адрес: 654057 г. Новокузнецк, пр-т Бардина д.21 оф.15;Match(start=19, stop=65, fact=Addr(parts=[AddrPart(value='654057', type='индекс'), AddrPart(value='Новокузнецк', type='город'), AddrPart(value='Бардина', type='проспект'), AddrPart(value='21', type='дом'), AddrPart(value='15', type='офис')]))
Россия, Челябинск, ул. Свободы, д.155, 18;Match(start=0, stop=37, fact=Addr(parts=[AddrPart(value='Россия', type='страна'), AddrPart(value='Челябинск', type=None), AddrPart(value='Свободы', type='улица'), AddrPart(value='155', type='дом')]))
г. Иркутск, ул. Челябинская, 26у;Match(start=0, stop=27, fact=Addr(parts=[AddrPart(value='Иркутск', type='город'), AddrPart(value='Челябинская', type='улица')]))
400074, г. Волгоград, ул. Баррикадная, д.1Д оф. 103;Match(start=0, stop=51, fact=Addr(parts=[AddrPart(value='400074', type='индекс'), AddrPart(value='Волгоград', type='город'), AddrPart(value='Баррикадная', type='улица'), AddrPart(value='1Д', type='дом'), AddrPart(value='103', type='офис')]))
"СДК Мельчевка"""" : строение 74,  п. Мельчевка, сельское поселение Куликовское , Дмитровский район, Московская область, 141832""";Match(start=18, stop=124, fact=Addr(parts=[AddrPart(value='74', type='строение'), AddrPart(value='Мельчевка', type='посёлок'), AddrPart(value='Дмитровский', type='район'), AddrPart(value='Московская', type='область'), AddrPart(value='141832', type='индекс')]))
Почтовый адрес: 300016, г.Тула, ул.Пржевальского, д.12;Match(start=16, stop=54, fact=Addr(parts=[AddrPart(value='300016', type='индекс'), AddrPart(value='Тула', type='город'), AddrPart(value='Пржевальского', type='улица'), AddrPart(value='12', type='дом')]))
г. Москва, Пресненская наб., д.6, стр.2, БЦ;Match(start=0, stop=39, fact=Addr(parts=[AddrPart(value='Москва', type='город'), AddrPart(value='Пресненская', type='набережная'), AddrPart(value='6', type='дом'), AddrPart(value='2', type='строение')]))
Московская обл, гор. Балашиха, ул. Советская, дом 19Б, оф.8;Match(start=0, stop=59, fact=Addr(parts=[AddrPart(value='Московская', type='область'), AddrPart(value='Балашиха', type=None), AddrPart(value='Советская', type='улица'), AddrPart(value='19Б', type='дом'), AddrPart(value='8', type='офис')]))
Россия, 125130, г. Москва, Старопетровский проезд, дом 11, корпус 2;Match(start=0, stop=67, fact=Addr(parts=[AddrPart(value='Россия', type='страна'), AddrPart(value='125130', type='индекс'), AddrPart(value='Москва', type='город'), AddrPart(value='Старопетровский', type='проезд'), AddrPart(value='11', type='дом'), AddrPart(value='2', type='корпус')]))
Амурская область, г.Благовещенск, ул.Тенистая, д.127, бизнес центр ТАНДЕМ;Match(start=0, stop=52, fact=Addr(parts=[AddrPart(value='Амурская', type='область'), AddrPart(value='Благовещенск', type='город'), AddrPart(value='Тенистая', type='улица'), AddrPart(value='127', type='дом')]))
ул. Большая Ордынка, д.24;Match(start=0, stop=25, fact=Addr(parts=[AddrPart(value='Большая Ордынка', type='улица'), AddrPart(value='24', type='дом')]))
Адрес: 195279, Санкт-Петербург, Индустриальный пр., д.45, литер А, офис 209;Match(start=7, stop=75, fact=Addr(parts=[AddrPart(value='195279', type='индекс'), AddrPart(value='Санкт-Петербург', type=None), AddrPart(value='Индустриальный', type='проезд'), AddrPart(value='45', type='дом'), AddrPart(value='209', type='офис')]))
ул. Дорожная д. 101;Match(start=0, stop=19, fact=Addr(parts=[AddrPart(value='Дорожная', type='улица'), AddrPart(value='101', type='дом')]))
2017-05-23 г. Уссурийск, ул. Ленинградская , д.21б;Match(start=11, stop=50, fact=Addr(parts=[AddrPart(value='Уссурийск', type='город'), AddrPart(value='Ленинградская', type='улица'), AddrPart(value='21б', type='дом')]))
125040, г.Москва, Ленинградский проспект, д.13, стр.1;Match(start=0, stop=53, fact=Addr(parts=[AddrPart(value='125040', type='индекс'), AddrPart(value='Москва', type='город'), AddrPart(value='Ленинградский', type='проспект'), AddrPart(value='13', type='дом'), AddrPart(value='1', type='строение')]))
г. Комсомольск-на-Амуре | Рекламно-информационное агентство «Абитуриент» | г. Комсомольск-на-Амуре, пр. Ленина, 44, корп. 4, офис 100-А | (4217) 53-01-58;Match(start=0, stop=135, fact=Addr(parts=[AddrPart(value='Комсомольск-на-Амуре', type='город'), AddrPart(value='Комсомольск-на-Амуре', type='город'), AddrPart(value='Ленина', type='проезд'), AddrPart(value='4', type='корпус'), AddrPart(value='100-А', type='офис')]))
Россия, 127015, г. Москва, ул. Новодмитровская, д. 5а, стр. 1;Match(start=0, stop=61, fact=Addr(parts=[AddrPart(value='Россия', type='страна'), AddrPart(value='127015', type='индекс'), AddrPart(value='Москва', type='город'), AddrPart(value='Новодмитровская', type='улица'), AddrPart(value='5а', type='дом'), AddrPart(value='1', type='строение')]))
454112  г.Челябинск, проспект Победы, 306 а;Match(start=0, stop=36, fact=Addr(parts=[AddrPart(value='454112', type='индекс'), AddrPart(value='Челябинск', type='город'), AddrPart(value='Победы', type='проспект')]))
г. Воронеж, Бульвар победы, 13;Match(start=0, stop=10, fact=Addr(parts=[AddrPart(value='Воронеж', type='город')]))
г. Белгород, Ул. Будённого, д. 14;Match(start=0, stop=33, fact=Addr(parts=[AddrPart(value='Белгород', type='город'), AddrPart(value='Будённого', type='улица'), AddrPart(value='14', type='дом')]))
г. Симферополь, ул. Оленчука, 52;Match(start=0, stop=28, fact=Addr(parts=[AddrPart(value='Симферополь', type='город'), AddrPart(value='Оленчука', type='улица')]))
665000, Россия, Иркутская обл., г. Тайшет, ул. Локомотивная 7-2н.;Match(start=0, stop=59, fact=Addr(parts=[AddrPart(value='665000', type='индекс'), AddrPart(value='Россия', type='страна'), AddrPart(value='Иркутская', type='область'), AddrPart(value='Тайшет', type='город'), AddrPart(value='Локомотивная', type='улица')]))
г. Тольятти, ул. Мира, д.74 | Операционный зал и;Match(start=0, stop=27, fact=Addr(parts=[AddrPart(value='Тольятти', type='город'), AddrPart(value='Мира', type='улица'), AddrPart(value='74', type='дом')]))
г.Севастополь,ул.Гоголя 21;Match(start=0, stop=23, fact=Addr(parts=[AddrPart(value='Севастополь', type='город'), AddrPart(value='Гоголя', type='улица')]))
191124, г. Санкт-Петербург, Смольный пр. д.11;Match(start=0, stop=45, fact=Addr(parts=[AddrPart(value='191124', type='индекс'), AddrPart(value='Санкт-Петербург', type='город'), AddrPart(value='Смольный', type='проезд'), AddrPart(value='11', type='дом')]))
620137, г. Екатеринбург, ул. Студенческая, 1/18 офис 314;Match(start=0, stop=56, fact=Addr(parts=[AddrPart(value='620137', type='индекс'), AddrPart(value='Екатеринбург', type='город'), AddrPart(value='Студенческая', type='улица'), AddrPart(value='314', type='офис')]))
Санкт-Петербург, ул. Тельмана, д. 41;Match(start=0, stop=36, fact=Addr(parts=[AddrPart(value='Санкт-Петербург', type=None), AddrPart(value='Тельмана', type='улица'), AddrPart(value='41', type='дом')]))
Адрес: г. Калининград, ул. Земельная, д. 6;Match(start=7, stop=42, fact=Addr(parts=[AddrPart(value='Калининград', type='город'), AddrPart(value='Земельная', type='улица'), AddrPart(value='6', type='дом')]))
Ул. Уфимская, д. 28;Match(start=0, stop=19, fact=Addr(parts=[AddrPart(value='Уфимская', type='улица'), AddrPart(value='28', type='дом')]))
ул. 2-ой Рощинский проезд, дом 8, стр.2, оф 210;Match(start=0, stop=47, fact=Addr(parts=[AddrPart(value='2-ой Рощинский проезд', type='улица'), AddrPart(value='8', type='дом'), AddrPart(value='2', type='строение'), AddrPart(value='210', type='офис')]))
г. Казань, ул. Мавлютова, д. 2;Match(start=0, stop=30, fact=Addr(parts=[AddrPart(value='Казань', type='город'), AddrPart(value='Мавлютова', type='улица'), AddrPart(value='2', type='дом')]))
Москва, Кржижановского ул., д.25;Match(start=0, stop=32, fact=Addr(parts=[AddrPart(value='Москва', type=None), AddrPart(value='Кржижановского', type='улица'), AddrPart(value='25', type='дом')]))
"117105, Москва, Варшавское ш., д.1, стр.1, комн. 43""";Match(start=0, stop=41, fact=Addr(parts=[AddrPart(value='117105', type='индекс'), AddrPart(value='Москва', type=None), AddrPart(value='Варшавское', type='шоссе'), AddrPart(value='1', type='дом'), AddrPart(value='1', type='строение')]))
КГО №35 мкр., д.37;Match(start=14, stop=18, fact=Addr(parts=[AddrPart(value='37', type='дом')]))
Новый Арбат ул., д. 7;Match(start=0, stop=21, fact=Addr(parts=[AddrPart(value='Новый Арбат', type='улица'), AddrPart(value='7', type='дом')]))
"г. Орск | ООО """"Гранд-Сервис"""" | 3537 | 25-00-70 | пр. Ленина, д. 11";Match(start=0, stop=68, fact=Addr(parts=[AddrPart(value='Орск', type='город'), AddrPart(value='Ленина', type='проезд'), AddrPart(value='11', type='дом')]))
AZ 1072, г. Баку, ул. Короглу Рахимова, д. 13а;Match(start=9, stop=46, fact=Addr(parts=[AddrPart(value='Баку', type='город'), AddrPart(value='Короглу Рахимова', type='улица'), AddrPart(value='13а', type='дом')]))
г. Челябинск, ул. Енисейская, 40, Ленинский район показать на карте;Match(start=0, stop=49, fact=Addr(parts=[AddrPart(value='Челябинск', type='город'), AddrPart(value='Енисейская', type='улица'), AddrPart(value='Ленинский', type='район')]))
Адрес: 453500, г.Белорецк, ул. Советская, 63;Match(start=7, stop=40, fact=Addr(parts=[AddrPart(value='453500', type='индекс'), AddrPart(value='Белорецк', type='город'), AddrPart(value='Советская', type='улица')]))
ул. Ангарская, 28, павильон 402;Match(start=0, stop=13, fact=Addr(parts=[AddrPart(value='Ангарская', type='улица')]))
614066, г. Пермь, Шоссе космонавтов, дом 111, корпус 27;Match(start=0, stop=55, fact=Addr(parts=[AddrPart(value='614066', type='индекс'), AddrPart(value='Пермь', type='город'), AddrPart(value='111', type='дом'), AddrPart(value='27', type='корпус')]))
Воронежская область, Лиски, улица Коминтерна, 61;Match(start=0, stop=44, fact=Addr(parts=[AddrPart(value='Воронежская', type='область'), AddrPart(value='Коминтерна', type='улица')]))
1141 | 2 | 80 / 43 / 10 | 13 / 13 | Электрозаводская | Москва, Попов проезд, д.4 | 80000 | с 30.08.2017;Match(start=55, stop=80, fact=Addr(parts=[AddrPart(value='Москва', type=None), AddrPart(value='Попов', type='проезд'), AddrPart(value='4', type='дом')]))
Юр. адрес: 115201, г.Москва, 1-й Котляковский пер., д.3 пом.8, комн.1;Match(start=11, stop=55, fact=Addr(parts=[AddrPart(value='115201', type='индекс'), AddrPart(value='Москва', type='город'), AddrPart(value='1-й Котляковский', type='переулок'), AddrPart(value='3', type='дом')]))
630501, НСО, рп. Краснообск, 6-ой мкр., д. 4;Match(start=0, stop=44, fact=Addr(parts=[AddrPart(value='630501', type='индекс'), AddrPart(value='4', type='дом')]))
г.Пермь,Ул. Героев Хасана 46;Match(start=0, stop=25, fact=Addr(parts=[AddrPart(value='Пермь', type='город'), AddrPart(value='Героев Хасана', type='улица')]))
г. Москва, ул. Дорогобужская, д.14;Match(start=0, stop=34, fact=Addr(parts=[AddrPart(value='Москва', type='город'), AddrPart(value='Дорогобужская', type='улица'), AddrPart(value='14', type='дом')]))
"""620041, Россия г. Екатеринбург, ул. Основинская 6 / ул. Маяковского 25 """"а"""", 12""";Match(start=1, stop=68, fact=Addr(parts=[AddrPart(value='620041', type='индекс'), AddrPart(value='Россия', type='страна'), AddrPart(value='Екатеринбург', type='город'), AddrPart(value='Основинская', type='улица'), AddrPart(value='Маяковского', type='улица')]))
109012, г. Москва Новая площадь, 14;Match(start=0, stop=31, fact=Addr(parts=[AddrPart(value='109012', type='индекс'), AddrPart(value='Москва', type='город'), AddrPart(value='Новая', type='площадь')]))
улица Кирова, дом 5, цокольный этаж;Match(start=0, stop=19, fact=Addr(parts=[AddrPart(value='Кирова', type='улица'), AddrPart(value='5', type='дом')]))
"620137, г.Екатеринбург, ул. Бархотская, д.1 литер ""М""";Match(start=0, stop=43, fact=Addr(parts=[AddrPart(value='620137', type='индекс'), AddrPart(value='Екатеринбург', type='город'), AddrPart(value='Бархотская', type='улица'), AddrPart(value='1', type='дом')]))
Ул. Советская, дом 30, оф. 1203, индекс 350063.;Match(start=0, stop=46, fact=Addr(parts=[AddrPart(value='Советская', type='улица'), AddrPart(value='30', type='дом'), AddrPart(value='1203', type='офис'), AddrPart(value='350063', type='индекс')]))
адрес: 142500, Московская область, Павловский Посад, ул. Кирова, 77   Схема проезда;Match(start=7, stop=63, fact=Addr(parts=[AddrPart(value='142500', type='индекс'), AddrPart(value='Московская', type='область'), AddrPart(value='Кирова', type='улица')]))
ул. Салтыкова-Щедрина, д.125.;Match(start=0, stop=28, fact=Addr(parts=[AddrPart(value='Салтыкова-Щедрина', type='улица'), AddrPart(value='125', type='дом')]))
Москва, пер. Большой Строченовский, д. 7;Match(start=0, stop=40, fact=Addr(parts=[AddrPart(value='Москва', type=None), AddrPart(value='Большой Строченовский', type='переулок'), AddrPart(value='7', type='дом')]))
ул. А. Матросова, д. 1, к. 2/6, литера А, 7 этаж, 702;Match(start=0, stop=22, fact=Addr(parts=[AddrPart(value='А. Матросова', type='улица'), AddrPart(value='1', type='дом')]))
Москва Ленинградский проспект, дом 74, корп 2. м;Match(start=0, stop=45, fact=Addr(parts=[AddrPart(value='Москва Ленинградский', type='проспект'), AddrPart(value='74', type='дом'), AddrPart(value='2', type='корпус')]))
353900, РФ, Краснодарский край, г.Новороссийск, ул.Мира, 12;Match(start=0, stop=55, fact=Addr(parts=[AddrPart(value='353900', type='индекс'), AddrPart(value='РФ', type='страна'), AddrPart(value='Краснодарский', type='край'), AddrPart(value='Новороссийск', type='город'), AddrPart(value='Мира', type='улица')]))
Адрес: 603116, г. Нижний Новгород, ул.Тонкинская, дом 7А, офис 7.;Match(start=7, stop=64, fact=Addr(parts=[AddrPart(value='603116', type='индекс'), AddrPart(value='Нижний Новгород', type='город'), AddrPart(value='Тонкинская', type='улица'), AddrPart(value='7А', type='дом'), AddrPart(value='7', type='офис')]))
Адрес: г. Краснодар, ул. Архитектора Ишунина, 8;Match(start=7, stop=44, fact=Addr(parts=[AddrPart(value='Краснодар', type='город'), AddrPart(value='Архитектора Ишунина', type='улица')]))
г.Челябинск, ул.Российская, 21В;Match(start=0, stop=26, fact=Addr(parts=[AddrPart(value='Челябинск', type='город'), AddrPart(value='Российская', type='улица')]))
Адрес: 690091, г. Владивосток, ул. Набережная, 3;Match(start=7, stop=45, fact=Addr(parts=[AddrPart(value='690091', type='индекс'), AddrPart(value='Владивосток', type='город'), AddrPart(value='Набережная', type='улица')]))
г.Ульяновск, ул.Спасская д.6;Match(start=0, stop=28, fact=Addr(parts=[AddrPart(value='Ульяновск', type='город'), AddrPart(value='Спасская', type='улица'), AddrPart(value='6', type='дом')]))
450058, Россия, Республика Башкортостан, г. Уфа, Проспект Октября, дом 39, корпус 1, офис 6;Match(start=0, stop=91, fact=Addr(parts=[AddrPart(value='450058', type='индекс'), AddrPart(value='Россия', type='страна'), AddrPart(value='Башкортостан', type='республика'), AddrPart(value='Уфа', type='город'), AddrPart(value='Октября', type='проспект'), AddrPart(value='39', type='дом'), AddrPart(value='1', type='корпус'), AddrPart(value='6', type='офис')]))
г. Екатеринбург, ул. Прибалтийская, 20;Match(start=0, stop=34, fact=Addr(parts=[AddrPart(value='Екатеринбург', type='город'), AddrPart(value='Прибалтийская', type='улица')]))
с.Верхние Татышлы, ул. Ленина, 39Б;Match(start=0, stop=29, fact=Addr(parts=[AddrPart(value='Верхние Татышлы', type='село'), AddrPart(value='Ленина', type='улица')]))
г. Москва, ул. Нижняя Красносельская, дом 40/12, корпус 6, этаж 1, офис 100, 8-905-782-7743;Match(start=0, stop=75, fact=Addr(parts=[AddrPart(value='Москва', type='город'), AddrPart(value='Нижняя Красносельская', type='улица'), AddrPart(value='40/12', type='дом'), AddrPart(value='6', type='корпус'), AddrPart(value='100', type='офис')]))
Москва, метро «Шаболовская», «Тульская», Лестева ул., д.12, эт.5, оф.503 вход в здание с ул. Хавская;Match(start=0, stop=100, fact=Addr(parts=[AddrPart(value='Москва', type=None), AddrPart(value='Лестева', type='улица'), AddrPart(value='12', type='дом'), AddrPart(value='503', type='офис'), AddrPart(value='Хавская', type='улица')]))
Россия, Респ. Татарстан, г. Набережные Челны, Мензелинский тракт, 152;Match(start=0, stop=44, fact=Addr(parts=[AddrPart(value='Россия', type='страна'), AddrPart(value='Татарстан', type='республика'), AddrPart(value='Набережные Челны', type='город')]))
Адрес:  105318, г. Москва, улица Ибрагимова, дом 31, офис 50, ПАО «Новоорская керамика»;Match(start=8, stop=60, fact=Addr(parts=[AddrPart(value='105318', type='индекс'), AddrPart(value='Москва', type='город'), AddrPart(value='Ибрагимова', type='улица'), AddrPart(value='31', type='дом'), AddrPart(value='50', type='офис')]))
Россия, 127422, г. Москва, Тимирязевская ул., д. 36;Match(start=0, stop=51, fact=Addr(parts=[AddrPart(value='Россия', type='страна'), AddrPart(value='127422', type='индекс'), AddrPart(value='Москва', type='город'), AddrPart(value='Тимирязевская', type='улица'), AddrPart(value='36', type='дом')]))
г. Тольятти, ул. Спортивная 16;Match(start=0, stop=27, fact=Addr(parts=[AddrPart(value='Тольятти', type='город'), AddrPart(value='Спортивная', type='улица')]))
ул. Музейная, д. 9;Match(start=0, stop=18, fact=Addr(parts=[AddrPart(value='Музейная', type='улица'), AddrPart(value='9', type='дом')]))
г. Вологда, ул. Чехова, д. 25, оф. 403;Match(start=0, stop=38, fact=Addr(parts=[AddrPart(value='Вологда', type='город'), AddrPart(value='Чехова', type='улица'), AddrPart(value='25', type='дом'), AddrPart(value='403', type='офис')]))
Адрес: г. Белгород, пр-т Б. Хмельницкого, 213;Match(start=7, stop=40, fact=Addr(parts=[AddrPart(value='Белгород', type='город'), AddrPart(value='Б. Хмельницкого', type='проспект')]))
"""Жилая площадь 13 кв.м";Match(start=1, stop=14, fact=Addr(parts=[AddrPart(value='Жилая', type='площадь')]))
Моховая, 8, стр. 1 (м. Библиотека имени Ленина);Match(start=12, stop=18, fact=Addr(parts=[AddrPart(value='1', type='строение')]))
Фактический: г. Ярославль, ул. 1905 года, дом 15;Match(start=13, stop=48, fact=Addr(parts=[AddrPart(value='Ярославль', type='город'), AddrPart(value='1905 года', type='улица'), AddrPart(value='15', type='дом')]))
Фактический адрес | 140180 Московская область, г.Жуковский, ул. Энергетическая, д.17;Match(start=20, stop=84, fact=Addr(parts=[AddrPart(value='140180', type='индекс'), AddrPart(value='Московская', type='область'), AddrPart(value='Жуковский', type='город'), AddrPart(value='Энергетическая', type='улица'), AddrPart(value='17', type='дом')]))
Россия, г. Щелково, ул. Браварская, дом 100,;Match(start=0, stop=43, fact=Addr(parts=[AddrPart(value='Россия', type='страна'), AddrPart(value='Щелково', type='город'), AddrPart(value='Браварская', type='улица'), AddrPart(value='100', type='дом')]))
\- ул. Дыбенко, дом 27, кор. 1;Match(start=3, stop=30, fact=Addr(parts=[AddrPart(value='Дыбенко', type='улица'), AddrPart(value='27', type='дом'), AddrPart(value='1', type='корпус')]))
Вологда, Пошехонское шоссе, дом 18, корпус D;Match(start=0, stop=34, fact=Addr(parts=[AddrPart(value='Вологда', type=None), AddrPart(value='Пошехонское', type='шоссе'), AddrPart(value='18', type='дом')]))
"г.Ярославль ул. Свободы 34 """"В";Match(start=0, stop=23, fact=Addr(parts=[AddrPart(value='Ярославль', type='город'), AddrPart(value='Свободы', type='улица')]))
28 | ГАУ СО ЦСЗН Самойловского района | 8(84548)2-16-66/2-18-43 | Россия, Саратовская обл, Самойловский р-н, рп Самойловка, пл Красная, д.12;Match(start=17, stop=140, fact=Addr(parts=[AddrPart(value='Самойловского', type='район'), AddrPart(value='Россия', type='страна'), AddrPart(value='Саратовская', type='область'), AddrPart(value='Самойловский', type='район'), AddrPart(value='Красная', type='площадь'), AddrPart(value='12', type='дом')]))
ул. Энергетиков, д.20;Match(start=0, stop=21, fact=Addr(parts=[AddrPart(value='Энергетиков', type='улица'), AddrPart(value='20', type='дом')]))
КАЗАНЬ  |  420054, ул. Тихорецкая, д. 19;Match(start=0, stop=40, fact=Addr(parts=[AddrPart(value='КАЗАНЬ', type=None), AddrPart(value='420054', type='индекс'), AddrPart(value='Тихорецкая', type='улица'), AddrPart(value='19', type='дом')]))
127006, Россия, г. Москва, Воротниковский переулок дом 10 строение 3;Match(start=0, stop=68, fact=Addr(parts=[AddrPart(value='127006', type='индекс'), AddrPart(value='Россия', type='страна'), AddrPart(value='Москва', type='город'), AddrPart(value='10', type='дом'), AddrPart(value='3', type='строение')]))
Москва, ул.Красная Сосна, д.24 стр.2;Match(start=0, stop=36, fact=Addr(parts=[AddrPart(value='Москва', type=None), AddrPart(value='Красная Сосна', type='улица'), AddrPart(value='24', type='дом'), AddrPart(value='2', type='строение')]))
Хабаровск, ул. Пушкина, 18, оф. 2;Match(start=0, stop=33, fact=Addr(parts=[AddrPart(value='Хабаровск', type=None), AddrPart(value='Пушкина', type='улица'), AddrPart(value='2', type='офис')]))
г. Мурманск, ул. Полярные зори, 51/33 (кинотеатр «Мурманск») | Пн-Вс 11:00-00:00;Match(start=0, stop=58, fact=Addr(parts=[AddrPart(value='Мурманск', type='город'), AddrPart(value='Полярные зори', type='улица'), AddrPart(value='Мурманск', type=None)]))
ул. Родионова,  д. 193, корпус 3, офис 4;Match(start=0, stop=40, fact=Addr(parts=[AddrPart(value='Родионова', type='улица'), AddrPart(value='193', type='дом'), AddrPart(value='3', type='корпус'), AddrPart(value='4', type='офис')]))
301321, Тульская область, г. Венев, ул. Станционная, д. 21-а, стр.1;Match(start=0, stop=67, fact=Addr(parts=[AddrPart(value='301321', type='индекс'), AddrPart(value='Тульская', type='область'), AddrPart(value='Станционная', type='улица'), AddrPart(value='21-а', type='дом'), AddrPart(value='1', type='строение')]))
1301| Екатеринбург г., ул. Амундсена, 11| 26 м| Сталь 3 м;Match(start=6, stop=36, fact=Addr(parts=[AddrPart(value='Екатеринбург', type=None), AddrPart(value='Амундсена', type='улица')]))
192019, г. Санкт-Петербург, Профессора Качалова ул., д. 3;Match(start=0, stop=57, fact=Addr(parts=[AddrPart(value='192019', type='индекс'), AddrPart(value='Санкт-Петербург', type='город'), AddrPart(value='Профессора Качалова', type='улица'), AddrPart(value='3', type='дом')]))
344111, г. Ростов-на-Дону, проспект 40 - летия Победы,75;Match(start=0, stop=53, fact=Addr(parts=[AddrPart(value='344111', type='индекс'), AddrPart(value='Ростов-на-Дону', type='город'), AddrPart(value='40 - летия Победы', type='проспект')]))
ул.Чистопольская 10/8 г.Казань;Match(start=0, stop=30, fact=Addr(parts=[AddrPart(value='Чистопольская', type='улица'), AddrPart(value='Казань', type='город')]))
129085, г. Москва, ул. Годовикова, дом 9, стр. 3;Match(start=0, stop=48, fact=Addr(parts=[AddrPart(value='129085', type='индекс'), AddrPart(value='Москва', type='город'), AddrPart(value='Годовикова', type='улица'), AddrPart(value='9', type='дом'), AddrPart(value='3', type='строение')]))
Б.Овчинниковский пер., д.17/1, стр. 3;Match(start=0, stop=37, fact=Addr(parts=[AddrPart(value='Б.Овчинниковский', type='переулок'), AddrPart(value='17/1', type='дом'), AddrPart(value='3', type='строение')]))
Ставрополь, ул.Серова, д.21/1;Match(start=0, stop=29, fact=Addr(parts=[AddrPart(value='Ставрополь', type=None), AddrPart(value='Серова', type='улица'), AddrPart(value='21/1', type='дом')]))
Адрес: | Россия, Московская область, г.Балашиха-3, ул.Белякова, д.2;Match(start=9, stop=67, fact=Addr(parts=[AddrPart(value='Россия', type='страна'), AddrPart(value='Московская', type='область'), AddrPart(value='Балашиха-3', type='город'), AddrPart(value='Белякова', type='улица'), AddrPart(value='2', type='дом')]))
"Проектная компания ООО ""Артифекс"" +7 (8352) 48 80 72 // proekt@artifex21.ru г. Чебоксары, Гаражный проезд, дом 4";Match(start=76, stop=112, fact=Addr(parts=[AddrPart(value='Чебоксары', type='город'), AddrPart(value='Гаражный', type='проезд'), AddrPart(value='4', type='дом')]))
г. Екатеринбург, ул. Нагорная, 11;Match(start=0, stop=29, fact=Addr(parts=[AddrPart(value='Екатеринбург', type='город'), AddrPart(value='Нагорная', type='улица')]))
Адрес |  | 127410, г. Москва, Алтуфьевское шоссе, 41 А, стр. 1, офис 42;Match(start=11, stop=71, fact=Addr(parts=[AddrPart(value='127410', type='индекс'), AddrPart(value='Москва', type='город'), AddrPart(value='Алтуфьевское', type='шоссе'), AddrPart(value='1', type='строение'), AddrPart(value='42', type='офис')]))
443001 Самара, ул. Пушкина (бывшая Братьев Коростелевых) дом 268.;Match(start=0, stop=64, fact=Addr(parts=[AddrPart(value='443001', type='индекс'), AddrPart(value='Самара', type=None), AddrPart(value='Пушкина', type='улица'), AddrPart(value='268', type='дом')]))
344022, г.Ростов-на-Дону, ул. Нижнебульварная, 29;Match(start=0, stop=45, fact=Addr(parts=[AddrPart(value='344022', type='индекс'), AddrPart(value='Ростов-на-Дону', type='город'), AddrPart(value='Нижнебульварная', type='улица')]))
МО, г. Мытищи, ул. 2-я Институтская, сооружение 24Б. Просим обязательно связаться с отделом продаж по телефону 8-495-505-59-39;Match(start=4, stop=35, fact=Addr(parts=[AddrPart(value='Мытищи', type='город'), AddrPart(value='2-я Институтская', type='улица')]))
Адрес: 156000 г.Кострома, ул.Комсомольская, д.31А,;Match(start=7, stop=49, fact=Addr(parts=[AddrPart(value='156000', type='индекс'), AddrPart(value='Кострома', type='город'), AddrPart(value='Комсомольская', type='улица'), AddrPart(value='31А', type='дом')]))
Россия, Москва, ул. Осенняя, дом 23, оф. 1;Match(start=0, stop=42, fact=Addr(parts=[AddrPart(value='Россия', type='страна'), AddrPart(value='Москва', type=None), AddrPart(value='Осенняя', type='улица'), AddrPart(value='23', type='дом'), AddrPart(value='1', type='офис')]))
142100, Московская область, г. Подольск, ул. Веллинга, д. 3;Match(start=0, stop=59, fact=Addr(parts=[AddrPart(value='142100', type='индекс'), AddrPart(value='Московская', type='область'), AddrPart(value='Подольск', type='город'), AddrPart(value='Веллинга', type='улица'), AddrPart(value='3', type='дом')]))
400001 г. Волгоград, ул. Козловская д. 3 ком. 16;Match(start=0, stop=40, fact=Addr(parts=[AddrPart(value='400001', type='индекс'), AddrPart(value='Волгоград', type='город'), AddrPart(value='Козловская', type='улица'), AddrPart(value='3', type='дом')]))
г. Брянск, ул. Фокина, 27/43;Match(start=0, stop=21, fact=Addr(parts=[AddrPart(value='Брянск', type='город'), AddrPart(value='Фокина', type='улица')]))
наб. Мартынова, д. 38, лит. А;Match(start=0, stop=21, fact=Addr(parts=[AddrPart(value='Мартынова', type='набережная'), AddrPart(value='38', type='дом')]))
Адрес: Санкт-Петербург, ул. Кубинская, д. 78. 2 этаж, офис 2-14;Match(start=7, stop=63, fact=Addr(parts=[AddrPart(value='Санкт-Петербург', type=None), AddrPart(value='Кубинская', type='улица'), AddrPart(value='78', type='дом'), AddrPart(value='2-14', type='офис')]))
улица машиностроительная, дом 13 офис 6;Match(start=26, stop=39, fact=Addr(parts=[AddrPart(value='13', type='дом'), AddrPart(value='6', type='офис')]))
Россия, Республика Башкортостан, г.Уфа, ул. Менделеева, 136/5а;Match(start=0, stop=54, fact=Addr(parts=[AddrPart(value='Россия', type='страна'), AddrPart(value='Башкортостан', type='республика'), AddrPart(value='Уфа', type='город'), AddrPart(value='Менделеева', type='улица')]))
355042, г. Ставрополь, ул. Доваторцев, 66г;Match(start=0, stop=37, fact=Addr(parts=[AddrPart(value='355042', type='индекс'), AddrPart(value='Ставрополь', type='город'), AddrPart(value='Доваторцев', type='улица')]))
пр. Димитрова, д. 4а;Match(start=0, stop=20, fact=Addr(parts=[AddrPart(value='Димитрова', type='проезд'), AddrPart(value='4а', type='дом')]))
141982 г.Дубна Московской обл., ул.Университетская, 19;Match(start=0, stop=50, fact=Addr(parts=[AddrPart(value='141982', type='индекс'), AddrPart(value='Дубна', type='город'), AddrPart(value='Московской', type='область'), AddrPart(value='Университетская', type='улица')]))
г. Туапсе, ул. Свободы, 3 | 8 (86167) 2-18-51, 2-10-54 | ok.adm.tr;Match(start=0, stop=22, fact=Addr(parts=[AddrPart(value='Туапсе', type='город'), AddrPart(value='Свободы', type='улица')]))
"188300, Ленинградская обл., г.Гатчина, ул.Чехова, д.25 А, оф.331""";Match(start=0, stop=64, fact=Addr(parts=[AddrPart(value='188300', type='индекс'), AddrPart(value='Ленинградская', type='область'), AddrPart(value='Гатчина', type='город'), AddrPart(value='Чехова', type='улица'), AddrPart(value='25 А', type='дом'), AddrPart(value='331', type='офис')]))
Российская Федерация, Московская область, 143400, Красногорский район, поселок Путилково, дом 11;Match(start=22, stop=96, fact=Addr(parts=[AddrPart(value='Московская', type='область'), AddrPart(value='143400', type='индекс'), AddrPart(value='Красногорский', type='район'), AddrPart(value='Путилково', type='посёлок'), AddrPart(value='11', type='дом')]))
Юридический адрес: 109341, г. Москва, ул. Братиславская, д. 6, оф 171;Match(start=19, stop=69, fact=Addr(parts=[AddrPart(value='109341', type='индекс'), AddrPart(value='Москва', type='город'), AddrPart(value='Братиславская', type='улица'), AddrPart(value='6', type='дом'), AddrPart(value='171', type='офис')]))
г. Уфа,  ул. Индустриальное шоссе 44/1;Match(start=0, stop=33, fact=Addr(parts=[AddrPart(value='Уфа', type='город'), AddrPart(value='Индустриальное шоссе', type='улица')]))
4 офис - г. Балтийск, ул. Ленина 65 Б т.  +7 (4012) 70-99-10;Match(start=9, stop=32, fact=Addr(parts=[AddrPart(value='Балтийск', type='город'), AddrPart(value='Ленина', type='улица')]))
